{
  "snapshot_month": "2025-12",
  "n_dams": 877,
  "max_risk": 0.01595019236082926,
  "min_risk": 2.9159965285586495e-05,
  "mean_risk": 0.00022565137773358903,
  "method_counts": {
    "single_stage": 486,
    "downstream": 223,
    "centerline": 115,
    "upstream": 45,
    "unknown": 8
  },
  "emergency_counts": {
    "0": 788,
    "1": 81,
    "2": 7,
    "3": 1
  },
  "state_counts": {
    "MG": 319,
    "MT": 151,
    "PA": 118,
    "BA": 84,
    "SP": 60,
    "RO": 35,
    "AP": 24,
    "GO": 24,
    "AM": 15,
    "SC": 11,
    "TO": 8,
    "MS": 7,
    "RS": 6,
    "MA": 3,
    "PR": 3,
    "SE": 3,
    "RJ": 2,
    "PI": 1,
    "AL": 1,
    "RN": 1,
    "PB": 1
  }
}